{"cameraMode":{"drawMode":0,"name":"Shaded","section":"Shading Mode"},"sceneLighting":true,"audioPlay":false,"sceneViewState":{"m_AlwaysRefresh":false,"showFog":true,"showSkybox":true,"showFlares":true,"showImageEffects":true,"showParticleSystems":true,"showVisualEffectGraphs":true,"m_FxEnabled":true},"in2DMode":false,"pivot":{"x":4.255329132080078,"y":0.15792560577392579,"z":0.1647976040840149},"rotation":{"x":0.27567312121391299,"y":-0.011539548635482788,"z":0.003308013314381242,"w":0.9611803293228149},"size":9.276857376098633,"orthographic":true}