{"cameraMode":{"drawMode":0,"name":"Shaded","section":"Shading Mode"},"sceneLighting":true,"audioPlay":false,"sceneViewState":{"m_AlwaysRefresh":false,"showFog":true,"showSkybox":true,"showFlares":true,"showImageEffects":true,"showParticleSystems":true,"showVisualEffectGraphs":true,"m_FxEnabled":true},"in2DMode":false,"pivot":{"x":0.14279183745384217,"y":0.0685577392578125,"z":10.720812797546387},"rotation":{"x":0.10708904266357422,"y":-0.7707461714744568,"z":0.1345333307981491,"w":0.6135072112083435},"size":11.075303077697754,"orthographic":true}